Tarih,Saat,PTF (TL/MWh),PTF (USD/MWh),PTF (EUR/MWh),Yük Tahmin Planı (MWh),Toplam(MWh),Doğalgaz,Rüzgar,Linyit,Taş Kömür,İthal Kömür,Fueloil,Jeotermal,Barajlı,Nafta,Biyokütle,Akarsu,Gunes,Diğer
2025-01-01,00:00,"2.494,00","70,81","67,88","32.297,00","30.848,82","5.753,31","2.024,78","4.423,00","256,00","9.389,20","14,50","1.125,97","5.243,04","0,40","944,40","1.541,62","0,00","132,60"
2025-01-02,00:00,"2.634,45","74,67","71,71","37.301,00","31.906,48","9.051,92","1.458,43","3.618,10","261,00","9.312,00","14,50","1.124,37","4.936,14","0,40","948,45","1.079,57","0,00","101,60"
2025-01-03,00:00,"2.706,39","76,71","73,67","36.580,00","34.608,69","7.236,48","6.021,12","3.529,10","261,00","9.459,00","14,50","1.125,78","4.603,74","0,60","953,70","1.197,77","0,00","205,90"
2025-01-04,00:00,"2.680,01","76,02","73,46","35.823,00","34.695,39","5.561,12","7.489,48","3.424,10","120,00","9.188,00","16,50","1.134,93","5.439,14","0,70","955,80","1.182,22","0,00","183,40"
2025-01-05,00:00,"2.500,00","70,88","68,92","33.876,00","33.884,23","8.319,25","4.171,35","3.513,10","118,00","9.334,00","16,00","1.130,73","5.097,15","0,70","935,59","1.080,27","4,59","163,50"
2025-01-06,00:00,"2.726,67","77,31","75,16","34.426,00","32.967,99","10.450,90","1.465,66","3.717,40","132,00","9.247,00","16,00","1.132,33","4.581,95","0,00","950,95","1.109,20","0,00","164,60"
2025-01-07,00:00,"2.500,00","70,88","68,92","36.778,00","35.401,77","9.282,35","4.805,84","3.561,10","128,00","9.353,00","16,50","1.132,60","4.753,55","0,00","955,91","1.189,72","0,00","223,20"
2025-01-08,00:00,"2.650,00","75,09","72,55","37.189,00","35.342,31","6.135,29","7.082,87","4.039,10","236,00","9.352,00","17,50","1.118,24","5.068,90","0,00","944,92","1.133,89","0,00","213,60"
2025-01-09,00:00,"2.534,08","71,83","68,95","36.279,00","35.389,04","10.356,97","3.857,08","3.927,00","257,00","9.291,00","17,50","1.115,78","4.348,55","0,00","952,26","1.042,60","0,00","223,30"
2025-01-10,00:00,"2.596,00","73,50","71,20","35.800,00","35.419,24","10.589,88","2.956,93","3.829,30","249,00","9.432,00","17,50","1.115,11","4.934,15","0,00","983,04","1.088,03","0,00","224,30"
2025-01-11,00:00,"2.175,00","61,63","59,82","36.968,00","35.466,88","8.232,94","5.292,92","3.700,10","257,00","9.432,10","17,00","1.119,36","5.075,05","0,00","971,41","1.143,60","0,00","225,40"
2025-01-12,00:00,"2.633,40","74,53","72,37","34.216,00","34.114,56","8.119,82","3.391,39","3.878,50","261,00","9.419,00","17,50","1.115,76","5.585,85","0,00","976,11","1.122,13","0,00","227,50"
2025-01-13,00:00,"2.099,99","59,43","57,71","34.190,00","32.896,17","3.777,37","7.106,71","3.958,00","261,00","9.249,90","17,50","1.112,65","5.281,55","0,00","983,01","924,38","0,00","224,10"
2025-01-14,00:00,"2.500,00","70,75","68,71","36.037,00","35.586,00","7.860,98","6.186,79","4.099,50","129,00","9.431,00","17,50","1.107,20","4.338,14","0,00","971,66","1.186,03","0,00","258,20"
2025-01-15,00:00,"2.454,40","69,29","67,88","36.951,00","36.262,58","7.468,42","5.692,88","4.156,35","129,00","9.107,00","17,30","1.113,55","6.120,34","0,00","957,57","1.259,27","0,00","240,90"
2025-01-16,00:00,"2.481,95","70,05","68,30","38.371,00","35.435,63","11.236,95","3.173,61","3.744,50","129,00","8.663,00","17,20","1.101,89","4.879,74","0,00","980,09","1.255,25","0,00","254,40"
2025-01-17,00:00,"2.520,00","71,13","69,04","37.886,00","36.011,69","9.705,57","5.256,88","3.458,35","129,00","9.273,00","17,20","1.142,03","4.465,14","0,00","961,58","1.347,04","0,00","255,90"
2025-01-18,00:00,"2.339,01","66,08","64,21","39.399,00","36.408,72","9.871,92","3.683,55","3.628,60","129,00","9.311,50","17,50","1.151,71","6.206,64","0,00","916,81","1.277,09","0,00","214,40"
2025-01-19,00:00,"2.748,01","77,60","75,37","35.494,00","34.465,80","7.367,51","3.661,71","3.866,60","266,00","8.726,00","18,60","1.158,81","6.907,34","0,00","962,93","1.334,60","0,00","195,70"
2025-01-20,00:00,"2.013,00","56,85","55,21","35.112,00","33.327,39","4.355,65","4.968,32","3.531,00","266,00","9.077,50","18,60","1.151,91","7.568,84","0,00","946,17","1.262,70","0,00","180,70"
2025-01-21,00:00,"2.499,99","70,60","68,57","35.334,00","35.262,39","10.955,64","2.932,58","3.570,50","266,00","9.154,00","21,60","1.146,86","4.746,04","0,00","993,37","1.226,40","0,00","249,40"
2025-01-22,00:00,"2.399,99","67,57","65,51","36.633,00","36.551,22","10.900,08","3.014,27","3.718,50","270,00","9.430,00","17,60","1.137,91","5.701,94","0,00","1.003,34","1.086,48","0,00","271,10"
2025-01-23,00:00,"2.499,98","70,32","67,88","37.485,00","35.838,88","11.609,03","1.369,90","3.615,50","270,00","9.432,00","14,50","1.115,65","6.048,44","0,00","977,67","1.157,09","0,00","229,10"
2025-01-24,00:00,"2.504,95","70,40","67,50","37.510,00","35.913,01","12.079,73","2.283,39","3.712,60","261,00","9.441,00","20,30","1.147,71","4.608,84","0,00","970,23","1.117,11","0,00","271,10"
2025-01-25,00:00,"2.489,01","69,93","67,22","38.291,00","35.870,54","11.454,95","3.146,90","3.556,35","261,00","9.435,00","20,50","1.134,02","4.490,74","0,00","980,39","1.102,29","0,00","288,40"
2025-01-26,00:00,"2.596,34","72,93","69,59","37.409,00","33.877,58","9.496,78","3.396,10","3.490,60","261,00","9.384,50","20,50","1.150,22","4.406,94","0,00","1.027,00","1.004,84","0,00","239,10"
2025-01-27,00:00,"2.949,99","82,87","79,07","34.163,00","33.497,76","9.881,35","1.088,47","3.643,25","261,00","9.391,90","20,00","1.150,02","5.884,84","0,00","961,83","1.011,00","0,00","204,10"
2025-01-28,00:00,"2.511,79","70,56","67,33","37.060,00","36.309,14","11.650,19","1.866,06","3.848,60","261,00","9.442,50","17,20","1.151,17","5.599,94","0,00","965,35","1.274,03","0,00","233,10"
2025-01-29,00:00,"2.599,98","72,91","69,53","37.267,00","36.193,46","8.309,16","6.244,93","3.902,95","261,00","9.455,40","19,20","1.146,38","4.478,64","0,00","985,25","1.149,05","0,00","241,50"
2025-01-30,00:00,"2.790,01","78,16","74,93","38.236,00","36.212,26","10.495,47","4.526,27","3.674,60","261,00","9.433,00","17,20","1.146,18","4.348,09","0,00","978,72","1.098,73","0,00","233,00"
2025-01-31,00:00,"2.799,99","78,42","75,30","38.164,00","35.568,65","12.608,73","1.286,83","3.629,80","261,00","9.433,00","17,10","1.137,03","4.874,99","0,00","975,95","1.117,72","0,00","226,50"
2025-02-01,00:00,"2.989,16","83,68","80,39","38.066,00","36.044,68","12.578,19","1.457,50","3.780,60","158,00","9.435,00","17,10","1.143,27","5.265,39","0,00","958,16","1.059,17","0,00","192,30"
2025-02-02,00:00,"2.688,77","75,18","72,38","35.247,00","34.563,30","11.297,36","2.537,06","3.849,60","128,00","9.433,00","17,00","1.095,87","4.101,59","0,00","965,61","950,91","0,00","187,30"
2025-02-03,00:00,"2.499,99","69,90","67,30","34.591,00","33.366,37","10.795,06","854,76","4.212,50","128,00","9.432,00","17,40","1.132,97","4.752,14","0,00","1.001,86","852,38","0,00","187,30"
2025-02-04,00:00,"2.700,00","75,50","72,69","36.676,00","35.794,07","10.470,41","4.828,90","3.415,60","252,00","9.416,00","17,00","1.135,10","4.064,68","0,30","987,33","1.023,85","0,00","182,90"
2025-02-05,00:00,"2.450,00","68,24","66,64","37.193,00","36.153,86","8.154,29","8.129,62","3.936,60","128,00","9.397,20","13,80","1.138,06","3.358,23","0,00","961,51","758,95","0,00","177,60"
2025-02-06,00:00,"2.535,66","70,60","68,38","39.975,00","36.660,70","8.442,46","8.642,12","3.639,50","128,00","9.164,00","13,90","1.150,75","3.596,83","0,00","946,84","740,30","0,00","196,00"
2025-02-07,00:00,"2.600,01","72,49","69,66","41.547,00","37.263,68","8.883,57","8.593,70","3.622,60","128,00","8.857,00","13,70","1.148,73","4.116,69","0,00","961,31","731,18","0,00","207,20"
2025-02-08,00:00,"2.500,00","69,77","67,28","40.115,00","36.624,65","8.162,94","8.197,91","3.943,60","128,00","8.738,00","8,10","1.149,34","4.296,93","0,00","981,86","850,77","0,00","167,20"
2025-02-09,00:00,"2.531,37","70,50","67,88","36.101,00","35.163,11","7.135,94","7.712,36","4.140,60","128,00","8.723,00","7,50","1.149,89","4.259,23","0,00","998,19","746,20","0,00","162,20"
2025-02-10,00:00,"2.696,33","75,10","72,30","36.346,00","34.360,92","7.879,31","6.470,08","4.105,50","125,00","8.723,00","7,50","1.165,79","4.080,47","0,00","1.009,69","631,38","0,00","163,20"
2025-02-11,00:00,"2.588,34","72,09","69,40","39.360,00","36.701,83","11.594,60","5.490,00","4.084,35","252,00","8.109,00","8,50","1.160,86","3.794,87","0,00","984,84","976,11","0,00","246,70"
2025-02-12,00:00,"2.500,00","69,55","67,38","37.169,00","36.965,92","9.057,32","5.258,27","3.896,60","236,00","7.962,00","7,60","1.160,34","7.337,38","0,00","947,24","860,27","0,00","242,90"
2025-02-13,00:00,"2.100,00","58,40","56,62","39.404,00","36.721,97","8.611,69","3.988,35","4.178,50","133,00","8.733,50","7,00","1.167,65","7.925,33","0,00","935,87","809,48","0,00","231,60"
2025-02-14,00:00,"2.699,99","74,94","72,26","38.762,00","36.825,30","9.486,97","2.367,20","3.956,60","133,00","9.182,50","7,40","1.156,30","8.265,53","0,00","924,95","1.110,55","0,00","234,30"
2025-02-15,00:00,"2.598,38","72,09","69,19","39.588,00","36.125,98","9.720,46","4.413,27","3.863,50","270,00","9.173,00","7,50","1.160,96","5.189,13","0,00","935,66","1.194,10","0,00","198,40"
2025-02-16,00:00,"2.600,00","72,01","68,78","36.354,00","34.318,46","10.884,68","2.309,27","3.397,25","269,00","9.210,50","7,50","1.153,77","5.073,63","0,00","943,09","944,37","0,00","125,40"
2025-02-17,00:00,"2.499,98","69,24","66,14","34.621,00","33.227,51","9.916,76","2.239,93","3.638,50","269,00","9.285,50","7,50","1.139,86","4.631,93","0,00","937,62","1.015,51","0,00","145,40"
2025-02-18,00:00,"2.600,01","72,01","68,78","37.219,00","35.521,24","10.224,82","3.971,11","3.593,10","253,00","9.422,50","0,70","1.133,27","4.683,13","0,00","966,38","1.060,33","0,00","212,90"
2025-02-19,00:00,"2.680,01","74,13","70,72","36.587,00","35.789,72","11.616,52","3.888,93","3.742,50","253,00","9.300,50","7,40","1.138,95","3.460,63","0,00","986,23","1.182,66","0,00","212,40"
2025-02-20,00:00,"2.699,01","74,57","71,27","39.567,00","36.506,44","7.535,66","8.756,41","3.875,50","253,00","9.351,00","7,00","1.158,34","3.417,13","0,00","991,83","956,37","0,00","204,20"
2025-02-21,00:00,"2.525,00","69,70","66,78","38.429,00","36.978,22","9.488,77","7.208,78","3.879,60","253,00","9.371,00","7,50","1.167,39","3.514,33","0,00","1.014,63","862,42","0,00","210,80"
2025-02-22,00:00,"2.494,01","68,81","65,94","39.850,00","37.407,64","6.164,53","8.247,39","3.981,60","145,00","9.377,00","7,30","1.177,42","6.213,23","0,00","997,79","917,58","0,00","178,80"
2025-02-23,00:00,"2.610,11","71,89","68,62","36.284,00","35.462,21","8.182,76","4.456,40","3.922,60","124,00","9.219,50","10,60","1.185,92","6.270,07","0,00","984,80","956,96","0,00","148,60"
2025-02-24,00:00,"2.487,05","68,50","65,38","35.542,00","34.752,54","8.360,16","3.664,85","3.669,50","124,00","9.348,50","7,00","1.188,82","6.386,12","0,00","970,14","882,45","0,00","151,00"
2025-02-25,00:00,"2.950,88","81,28","77,58","40.348,00","37.059,90","15.028,71","1.218,63","3.646,60","110,00","9.437,20","7,90","1.132,81","4.378,92","0,00","983,16","905,77","0,00","210,20"
2025-02-26,00:00,"2.979,99","81,97","78,19","39.967,00","37.552,18","13.551,68","988,71","3.508,60","253,00","9.454,00","7,90","1.169,95","6.381,22","0,00","986,04","1.032,78","0,00","218,30"
2025-02-27,00:00,"2.889,01","79,40","75,80","40.485,00","37.163,82","12.836,89","1.650,44","3.530,60","253,00","9.413,70","7,60","1.163,04","6.033,03","0,00","1.002,49","1.065,23","0,00","207,80"
2025-02-28,00:00,"2.728,00","75,00","71,46","39.284,00","36.493,97","12.670,67","2.173,79","3.449,35","261,00","9.413,70","7,40","1.149,37","5.194,68","0,00","997,50","969,41","0,00","207,10"
2025-03-01,00:00,"2.796,01","76,89","73,38","38.833,00","36.169,10","12.753,97","2.131,98","3.550,35","261,00","9.345,50","0,50","1.136,94","4.736,54","0,00","963,47","1.110,55","0,00","178,30"
2025-03-02,00:00,"2.750,00","75,59","72,71","35.466,00","34.330,90","11.547,07","1.116,84","3.761,75","269,00","9.329,70","0,50","1.143,63","5.007,24","0,00","944,44","1.046,93","0,00","163,80"
2025-03-03,00:00,"2.596,28","71,36","68,64","34.928,00","32.874,85","8.677,58","3.463,66","3.594,25","269,00","9.335,50","0,60","1.135,04","4.256,09","0,00","950,90","1.024,23","0,00","168,00"
2025-03-04,00:00,"2.101,99","57,78","55,57","36.269,00","35.364,56","6.253,92","7.640,32","3.937,35","250,00","9.400,50","7,80","1.140,11","4.510,84","0,10","987,95","1.022,07","0,00","213,60"
2025-03-05,00:00,"2.343,46","64,36","61,75","36.846,00","35.674,78","7.410,42","6.938,47","3.666,60","269,00","9.407,00","7,60","1.139,89","4.698,14","0,20","973,26","950,00","0,00","214,20"
2025-03-06,00:00,"2.055,68","56,47","53,73","37.859,00","35.309,76","9.473,19","3.519,38","4.105,60","269,00","8.828,00","15,80","1.137,31","5.763,24","0,00","970,81","1.014,43","0,00","213,00"
2025-03-07,00:00,"2.396,00","65,88","61,68","37.786,00","35.400,31","9.614,26","4.174,90","3.882,60","269,00","8.860,50","15,80","1.119,70","5.025,49","0,00","955,32","1.269,74","0,00","213,00"
2025-03-08,00:00,"2.398,01","65,93","61,05","36.090,00","34.893,83","9.741,28","3.517,72","3.504,60","132,00","8.821,20","15,80","1.115,61","5.410,04","0,00","955,57","1.485,11","0,00","194,90"
2025-03-09,00:00,"2.199,99","60,58","55,86","33.313,00","33.413,63","8.916,00","2.761,33","3.543,35","132,00","8.837,00","15,80","1.119,91","5.407,11","0,00","989,36","1.526,57","0,00","165,20"
2025-03-10,00:00,"2.425,00","66,78","61,57","32.599,00","32.345,48","9.840,44","991,62","3.749,50","132,00","8.682,00","15,50","1.116,50","4.836,94","0,00","962,84","1.852,64","0,00","165,50"
2025-03-11,00:00,"2.645,00","72,83","67,15","34.821,00","35.225,55","6.667,15","4.550,48","3.812,60","269,00","9.408,00","15,50","1.111,04","5.635,94","0,00","971,54","2.547,48","12,22","224,60"
2025-03-12,00:00,"2.304,99","63,23","58,33","36.499,00","34.424,45","3.618,46","7.550,34","3.559,10","236,00","9.190,00","15,50","1.104,23","5.270,44","0,00","971,34","2.677,63","7,28","224,13"
2025-03-13,00:00,"2.346,01","64,26","58,98","37.358,00","34.538,32","4.452,98","6.547,79","3.511,60","259,00","9.170,00","15,80","1.085,87","5.409,54","0,00","973,30","2.896,04","7,38","209,02"
2025-03-14,00:00,"2.300,01","62,94","57,72","36.334,00","34.225,99","4.208,93","8.169,53","3.447,10","0,00","8.745,00","15,50","1.059,73","4.428,44","0,00","970,62","2.964,61","7,13","209,40"
2025-03-15,00:00,"2.400,01","65,68","60,43","35.649,00","34.081,15","6.547,80","4.507,32","3.488,60","0,00","8.660,70","15,50","1.048,09","5.521,44","0,00","1.010,34","3.094,96","6,70","179,70"
2025-03-16,00:00,"2.432,58","66,58","61,30","32.860,00","32.545,02","3.408,00","6.862,19","3.717,10","0,00","8.080,00","7,00","1.048,68","5.160,04","0,00","991,21","3.131,57","9,62","129,61"
2025-03-17,00:00,"2.208,00","60,44","55,64","33.607,00","30.534,82","3.563,12","5.481,89","2.661,00","0,00","7.390,70","7,70","1.040,10","5.972,84","0,00","979,17","3.286,25","7,55","144,50"
2025-03-18,00:00,"2.899,99","79,38","73,08","34.276,00","33.758,79","7.811,04","4.523,42","3.298,35","133,00","7.061,50","10,40","1.069,61","5.173,14","0,00","962,90","3.501,24","6,89","207,30"
2025-03-19,00:00,"1.939,99","52,99","48,65","34.906,00","35.228,97","3.739,26","9.123,88","3.243,35","133,00","7.503,50","10,70","1.111,78","5.768,69","0,00","962,32","3.385,79","7,50","239,20"
2025-03-20,00:00,"2.299,01","62,83","57,46","38.473,00","36.023,12","5.501,65","7.529,16","3.765,35","133,00","7.564,00","10,90","1.138,83","5.667,49","0,00","958,64","3.518,50","8,30","227,30"
2025-03-21,00:00,"2.775,00","73,06","66,99","38.203,00","36.449,19","7.900,61","6.068,95","3.894,35","133,00","7.574,50","9,60","1.134,54","5.479,69","0,00","967,80","3.033,41","12,04","240,70"
2025-03-22,00:00,"2.876,37","75,86","69,83","39.367,00","36.079,89","9.622,42","3.779,70","3.633,10","136,00","7.478,75","9,90","1.120,52","6.305,94","0,00","989,74","2.784,09","10,02","209,71"
2025-03-23,00:00,"2.989,89","78,99","72,89","34.686,00","33.365,28","9.078,24","1.408,06","3.760,35","133,00","7.185,50","9,50","1.124,17","6.840,14","0,00","998,04","2.644,34","9,73","174,21"
2025-03-24,00:00,"2.525,00","66,71","61,56","36.249,00","33.379,67","5.279,85","5.966,67","3.785,25","133,00","7.183,50","9,00","1.108,87","6.403,24","0,00","989,76","2.343,56","9,97","167,00"
2025-03-25,00:00,"2.749,80","72,65","67,04","39.569,00","36.024,14","7.306,20","6.433,84","3.679,35","270,00","7.275,00","9,50","1.078,64","6.137,74","0,00","991,39","2.596,31","8,27","237,90"
2025-03-26,00:00,"2.676,99","70,71","65,23","37.487,00","35.628,53","8.993,97","3.733,20","3.474,35","270,00","7.050,00","9,50","1.077,12","6.909,64","0,00","971,68","2.885,13","10,11","243,83"
2025-03-27,00:00,"2.974,35","78,46","72,64","36.124,00","35.012,11","11.449,24","1.159,51","3.272,25","270,00","6.649,00","8,50","1.071,02","6.577,84","0,00","954,51","3.389,87","5,17","205,20"
2025-03-28,00:00,"2.589,77","68,28","63,27","36.085,00","34.346,17","6.763,46","4.789,51","4.056,75","270,00","6.552,50","8,00","1.052,31","6.057,72","0,00","946,45","3.636,80","8,94","203,73"
2025-03-29,00:00,"2.700,01","71,18","66,06","35.331,00","31.253,86","6.319,20","3.815,80","3.557,60","270,00","5.690,20","7,00","1.056,40","5.445,04","0,00","955,40","3.952,81","8,10","176,31"
2025-03-30,00:00,"1.923,01","50,92","47,25","26.877,00","27.165,93","2.720,24","3.902,96","2.537,00","0,00","4.947,20","7,50","1.093,94","6.870,34","0,00","1.010,01","3.910,48","6,43","159,83"
2025-03-31,00:00,"2.900,03","76,79","71,25","25.926,00","25.043,04","4.082,75","2.256,64","2.325,00","0,00","5.043,20","7,80","1.106,83","5.077,84","0,00","976,11","4.013,11","4,63","149,13"
2025-04-01,00:00,"2.599,01","68,82","63,85","27.866,00","25.984,57","1.123,43","5.526,01","2.448,30","0,00","4.559,00","7,80","1.104,95","5.951,74","0,00","997,89","4.096,76","6,19","162,50"
2025-07-03,00:00,"2.966,48","74,58","63,20","39.895,00","40.346,40","9.541,11","7.758,66","4.064,60","266,00","9.429,50","0,40","827,60","5.791,18","0,00","961,85","1.484,71","15,99","204,80"
2025-07-04,00:00,"3.098,38","77,99","66,26","40.121,00","40.108,89","9.573,44","7.489,07","3.863,60","270,00","9.410,57","0,00","842,11","5.828,38","0,00","967,11","1.611,06","15,59","237,96"
2025-07-05,00:00,"3.092,00","77,93","66,07","39.418,00","39.200,94","10.384,29","6.467,67","4.138,10","270,00","8.825,50","5,00","826,44","5.327,98","0,00","980,18","1.757,56","17,06","201,16"
2025-07-06,00:00,"3.180,72","80,16","68,08","38.180,00","38.771,86","10.765,65","5.549,31","3.688,60","145,00","9.436,50","5,50","834,14","5.373,28","0,00","964,14","1.814,51","16,90","178,33"
2025-07-07,00:00,"3.241,70","81,70","69,38","38.233,00","37.841,58","10.802,71","3.914,61","4.004,50","135,00","9.424,50","5,00","849,14","5.738,47","0,00","943,62","1.761,55","19,13","243,35"
2025-07-08,00:00,"3.233,00","81,48","69,20","41.394,00","41.035,32","14.150,28","2.242,10","4.392,50","137,00","9.379,65","5,30","871,69","6.985,57","0,00","976,41","1.606,24","12,31","276,27"
2025-07-09,00:00,"3.399,55","85,20","72,59","43.082,00","40.644,88","14.964,87","1.731,92","4.135,10","137,00","9.384,50","5,30","871,28","6.567,12","0,00","913,37","1.605,05","11,38","317,99"
2025-07-10,00:00,"3.400,00","85,14","72,52","45.650,00","41.882,23","14.359,45","3.426,71","4.285,60","270,00","9.384,00","5,30","862,54","6.408,27","0,00","927,23","1.617,69","14,86","320,58"
2025-07-11,00:00,"3.372,34","84,39","72,07","45.167,00","42.845,25","13.598,05","5.355,45","3.873,35","278,00","9.437,50","5,30","869,84","6.563,92","0,00","942,71","1.570,92","15,36","334,85"
2025-07-12,00:00,"3.360,00","84,05","71,67","43.622,00","42.662,14","13.154,97","5.290,18","3.733,60","278,00","9.340,84","5,30","880,18","7.190,92","0,00","924,73","1.564,65","15,12","283,65"
2025-07-13,00:00,"3.300,00","82,48","70,58","40.053,00","41.221,60","11.066,34","6.298,70","3.902,60","270,00","9.405,50","5,30","882,48","6.663,85","0,00","908,30","1.567,03","13,13","238,37"
2025-07-14,00:00,"3.130,00","78,24","66,94","42.633,00","39.616,38","7.732,56","7.573,99","4.051,50","270,00","9.349,00","5,30","869,78","6.971,04","0,00","962,23","1.384,96","168,19","277,83"
2025-07-15,00:00,"3.230,00","80,73","69,08","41.202,00","41.089,88","9.899,27","7.529,09","4.351,56","270,00","9.351,61","5,20","847,48","6.178,24","0,00","949,15","1.417,86","16,91","273,51"
2025-07-16,00:00,"3.300,00","82,32","70,45","42.994,00","42.030,31","10.310,79","7.386,77","4.246,60","269,00","9.382,50","5,00","836,38","6.975,88","0,00","949,32","1.414,63","16,11","237,33"
2025-07-17,00:00,"3.399,46","84,80","72,57","44.290,00","43.507,00","15.054,98","3.349,94","4.430,60","269,00","9.413,05","5,10","828,60","7.302,73","0,00","949,68","1.602,09","22,40","278,83"
2025-07-18,00:00,"3.400,00","84,65","72,86","43.664,00","42.088,25","14.704,26","1.324,50","4.386,60","271,00","9.381,50","5,10","837,45","8.417,78","0,00","892,64","1.598,47","20,84","248,11"
2025-07-19,00:00,"3.400,00","84,57","72,99","43.937,00","42.381,26","14.209,82","2.736,95","4.260,35","271,00","9.412,50","5,10","842,68","7.928,93","0,00","948,63","1.522,67","17,71","224,92"
2025-07-20,00:00,"3.300,01","82,03","70,51","41.783,00","40.811,42","12.581,57","4.703,39","3.740,35","271,00","9.420,74","5,30","846,48","6.766,88","0,00","968,62","1.314,74","15,58","176,77"
2025-07-21,00:00,"3.400,00","84,52","72,65","42.201,00","39.455,81","9.723,38","4.350,60","4.161,25","271,00","9.434,50","5,30","849,28","8.185,63","0,00","937,07","1.313,33","17,64","206,83"
2025-07-22,00:00,"3.400,00","84,52","72,65","44.690,00","43.315,52","14.955,06","3.138,69","4.116,35","271,00","9.407,50","5,10","818,71","7.827,53","0,00","960,99","1.557,93","10,95","245,71"
2025-07-23,00:00,"3.400,00","84,34","72,41","44.675,00","42.540,14","15.185,11","2.291,65","3.682,35","271,00","9.444,50","5,30","812,12","8.178,78","0,00","978,83","1.433,87","12,08","244,55"
2025-07-24,00:00,"3.400,00","84,29","72,06","46.208,00","44.431,35","13.662,83","5.675,83","4.141,35","271,00","9.414,00","5,30","812,24","7.879,53","0,00","937,51","1.369,11","17,47","245,18"
2025-07-25,00:00,"3.348,47","82,95","70,69","47.503,00","46.696,98","15.006,14","8.437,56","4.141,35","271,00","9.416,00","5,30","809,42","6.087,43","0,00","935,97","1.328,96","17,87","239,98"
2025-07-26,00:00,"3.400,00","84,17","71,60","47.251,00","45.823,38","14.575,61","8.520,94","3.714,35","271,00","9.435,00","5,10","803,62","6.024,78","0,00","953,17","1.312,75","13,12","193,94"
2025-07-27,00:00,"3.400,00","84,16","71,70","44.865,00","43.352,41","13.112,16","6.748,46","3.817,35","271,00","9.420,00","5,70","799,42","6.845,93","0,00","946,00","1.192,45","17,92","176,02"
2025-07-28,00:00,"3.400,00","84,16","71,70","47.468,00","41.360,88","15.350,28","980,15","3.844,00","271,00","9.409,00","5,70","825,22","8.281,83","0,00","933,57","1.233,14","21,10","205,89"
2025-07-29,00:00,"3.400,00","84,16","71,70","47.119,00","43.375,72","15.043,91","2.112,62","4.166,50","135,00","9.390,00","5,10","866,12","9.138,93","0,00","962,15","1.260,86","14,59","279,94"
2025-07-30,00:00,"3.400,00","84,01","71,95","48.606,00","43.406,39","15.737,01","2.337,43","4.170,60","0,00","9.388,00","5,10","875,57","8.496,43","0,00","945,02","1.168,01","13,18","270,04"
2025-07-31,00:00,"3.400,00","83,97","72,65","48.042,00","45.347,55","15.311,56","5.471,96","4.365,60","0,00","9.423,00","5,30","877,10","7.576,13","0,00","934,80","1.135,07","11,90","235,13"
2025-08-01,00:00,"3.399,00","83,93","72,68","48.308,00","45.602,78","14.776,13","7.475,86","4.402,60","134,00","9.417,00","5,30","877,06","6.239,23","0,00","929,66","1.100,69","17,42","227,83"
2025-08-02,00:00,"3.359,99","82,94","72,45","47.012,00","44.256,15","12.458,92","8.554,13","4.136,35","276,00","9.425,00","5,30","869,48","6.159,23","0,00","941,01","1.189,92","15,47","225,34"
2025-08-03,00:00,"3.399,01","83,89","73,51","44.163,00","40.039,46","11.545,47","5.465,16","3.962,35","276,00","9.437,00","5,30","872,68","6.181,41","0,00","946,86","1.101,72","13,45","232,06"
2025-08-04,00:00,"3.349,98","82,68","72,45","42.154,00","40.313,60","13.101,89","3.831,93","3.797,25","276,00","9.433,00","5,30","867,88","6.794,01","0,00","928,25","1.063,01","13,32","201,76"
2025-08-05,00:00,"3.398,01","83,86","73,49","44.712,00","43.564,36","15.768,70","3.778,14","4.197,35","142,00","9.419,60","5,30","878,05","7.061,71","0,00","920,25","1.159,69","12,32","221,25"
2025-08-06,00:00,"3.399,01","83,73","72,39","45.111,00","42.663,28","14.375,98","5.659,45","4.525,35","135,00","9.391,50","5,50","872,65","5.492,11","0,00","903,77","1.077,97","15,87","208,13"
2025-08-07,00:00,"3.398,99","83,71","72,52","45.543,00","44.789,38","13.943,43","7.994,96","3.887,35","142,00","9.391,50","5,30","857,05","6.303,61","0,00","916,97","1.118,34","19,14","209,73"
2025-08-08,00:00,"3.345,08","82,40","71,11","46.628,00","45.711,16","13.165,73","10.008,11","4.183,35","142,00","9.318,50","5,40","841,50","5.762,24","0,00","935,44","1.131,77","16,05","201,07"
2025-08-09,00:00,"3.399,00","83,76","71,76","46.405,00","43.476,10","12.208,76","9.438,47","4.159,35","278,00","9.441,00","5,00","825,01","4.851,34","0,00","940,21","1.110,93","16,83","201,20"
2025-08-10,00:00,"3.399,00","83,81","71,98","42.581,00","42.662,50","12.289,08","8.998,88","4.275,35","278,00","9.426,00","5,30","814,01","4.302,23","0,00","916,85","1.121,39","22,97","212,44"
2025-08-11,00:00,"3.399,00","83,81","71,98","42.093,00","42.415,60","11.720,70","8.647,88","4.556,15","278,00","9.403,00","5,30","803,51","4.927,73","0,00","938,42","912,27","20,09","202,55"
2025-08-12,00:00,"3.349,98","82,60","70,94","45.342,00","46.067,11","14.216,93","8.694,15","4.785,60","278,00","9.380,46","5,30","807,83","5.652,98","0,00","924,98","1.024,19","24,28","272,41"
2025-08-13,00:00,"3.360,00","82,69","71,00","46.313,00","45.320,06","13.374,91","8.478,13","4.951,60","278,00","9.421,00","5,30","807,14","5.879,18","0,00","929,99","889,99","21,95","282,87"
2025-08-14,00:00,"3.399,00","83,64","72,04","47.328,00","45.001,28","14.630,67","7.241,60","4.102,60","276,00","9.420,00","5,30","828,74","6.259,28","0,00","928,49","985,26","23,96","299,38"
2025-08-15,00:00,"3.359,99","82,64","70,56","45.494,00","44.373,73","14.624,57","6.357,45","4.321,60","276,00","9.388,00","5,30","839,34","6.269,72","0,00","933,45","1.033,17","24,81","300,32"
2025-08-16,00:00,"3.289,99","80,82","69,17","45.500,00","44.476,65","12.154,85","9.205,76","4.103,60","276,00","9.108,00","5,30","852,03","6.486,12","0,00","874,56","1.089,37","22,93","298,13"
2025-08-17,00:00,"3.290,01","80,77","69,14","42.600,00","41.592,34","12.047,46","7.173,25","4.463,35","276,00","9.099,00","6,30","862,73","5.516,47","0,00","911,33","954,71","28,67","253,07"
2025-08-18,00:00,"3.400,00","83,47","71,45","42.963,00","39.283,98","13.672,89","1.959,02","4.802,25","276,00","9.134,00","6,00","871,03","6.507,97","0,00","893,21","876,45","32,79","252,37"
2025-08-19,00:00,"3.400,00","83,47","71,45","45.010,00","42.926,91","14.584,61","3.551,62","5.228,60","276,00","9.141,00","6,30","829,89","7.000,57","0,00","873,60","1.116,48","21,07","297,17"
2025-08-20,00:00,"3.230,01","79,15","67,75","44.404,00","43.612,03","13.066,41","6.941,45","4.715,60","264,00","9.133,00","6,30","831,19","6.486,87","0,00","902,48","942,19","17,80","304,74"
2025-08-21,00:00,"3.330,69","81,61","69,86","43.962,00","43.298,10","14.849,49","4.408,80","4.436,10","276,00","9.148,00","6,30","863,55","7.139,77","0,00","894,32","954,96","20,93","299,88"
2025-08-22,00:00,"3.400,00","83,25","71,51","45.456,00","42.378,40","15.444,36","2.370,36","4.349,60","264,00","8.876,00","7,30","877,85","7.910,67","0,00","859,98","1.100,85","17,49","299,94"
2025-08-23,00:00,"3.400,00","83,21","71,44","44.116,00","42.427,12","15.548,39","2.805,84","3.898,60","276,00","9.418,00","7,30","880,48","7.360,92","0,00","934,19","977,87","19,26","300,27"
2025-08-24,00:00,"3.400,00","83,23","71,77","41.574,00","41.149,51","14.708,52","3.833,23","3.975,60","276,00","9.417,00","7,30","883,68","5.829,96","0,00","977,55","964,40","21,01","255,26"
2025-08-25,00:00,"3.349,99","82,01","70,72","40.193,00","40.171,03","10.442,09","8.368,73","3.664,50","276,00","9.429,00","7,30","887,38","4.990,46","0,00","981,01","844,99","24,30","255,27"
2025-08-26,00:00,"3.242,44","79,37","68,45","42.392,00","42.188,42","12.375,82","7.850,17","4.035,60","276,00","9.429,00","7,30","869,05","5.024,66","0,00","975,91","1.018,23","19,38","307,30"
2025-08-27,00:00,"3.198,25","78,16","66,80","43.128,00","41.783,57","10.367,51","8.024,08","4.531,60","276,00","9.417,20","7,30","873,15","5.921,25","0,00","983,01","1.046,80","20,99","314,68"
2025-08-28,00:00,"3.189,25","77,90","66,96","43.464,00","41.692,73","10.172,84","8.762,19","4.896,60","276,00","9.430,00","7,30","868,87","4.928,85","0,00","988,58","1.019,81","27,81","313,88"
2025-08-29,00:00,"3.128,24","76,37","65,86","42.223,00","41.236,07","10.200,92","6.908,37","4.918,60","276,00","9.434,00","7,30","874,57","6.370,07","0,00","952,45","958,97","27,34","307,48"
2025-08-30,00:00,"3.400,00","82,98","71,21","46.122,00","38.375,63","12.726,91","2.228,35","4.263,10","276,00","9.433,00","7,30","893,97","6.183,67","0,00","959,45","1.074,79","21,99","307,10"
2025-08-31,00:00,"3.400,00","83,04","71,15","41.648,00","37.508,67","12.200,17","2.132,15","4.286,60","276,00","9.422,00","7,30","896,57","5.908,27","0,00","954,68","1.153,42","17,05","254,46"
2025-09-01,00:00,"3.399,01","83,02","71,13","41.071,00","37.187,01","13.049,21","1.985,47","4.399,50","224,00","9.320,00","7,30","897,87","5.036,07","0,00","961,86","953,21","97,09","255,43"
2025-09-02,00:00,"3.399,00","83,02","71,13","45.133,00","40.185,32","14.570,71","3.538,22","3.848,60","276,00","9.320,00","7,30","901,90","5.609,67","0,00","961,67","832,65","18,99","299,61"
2025-09-03,00:00,"3.230,00","78,71","67,14","43.299,00","40.596,14","11.390,97","6.838,73","3.912,60","276,00","9.310,00","7,00","899,34","5.758,16","0,00","965,34","924,26","14,57","299,17"
2025-09-04,00:00,"3.201,12","77,93","66,88","43.377,00","41.100,52","11.374,98","7.795,47","4.235,60","276,00","9.367,00","7,30","880,35","4.939,31","0,00","974,58","927,31","22,53","300,09"
2025-09-05,00:00,"3.298,02","80,27","68,93","42.909,00","41.041,43","12.772,09","6.763,27","4.078,60","276,00","9.401,00","7,30","882,56","4.654,41","0,00","959,49","931,05","25,80","289,86"
2025-09-06,00:00,"3.395,00","82,62","70,92","42.478,00","39.009,85","13.259,93","5.152,83","4.046,35","276,00","8.562,00","7,30","904,46","4.620,31","0,00","899,58","956,51","27,07","297,51"
2025-09-07,00:00,"3.190,01","77,62","66,44","38.624,00","37.450,49","11.179,11","6.346,75","4.075,10","276,00","8.544,10","7,30","911,07","4.035,91","0,00","885,12","862,44","23,53","304,06"
2025-09-08,00:00,"3.249,99","79,08","67,69","38.829,00","35.264,25","8.953,22","6.546,38","3.987,50","276,00","8.812,00","7,30","917,87","3.534,03","0,00","916,52","992,36","20,90","300,17"
2025-09-09,00:00,"3.395,01","82,61","70,71","40.988,00","37.083,13","10.974,64","5.057,60","4.282,60","276,00","9.259,00","7,30","916,40","4.128,41","0,00","882,85","965,39","24,23","308,71"
2025-09-10,00:00,"3.380,01","82,08","69,98","40.075,00","36.641,27","12.143,73","3.378,57","4.506,60","271,00","8.866,00","7,30","922,91","4.311,21","0,00","902,86","1.000,49","22,10","308,50"
2025-09-11,00:00,"3.299,98","80,11","68,14","39.259,00","37.357,08","12.884,57","4.564,14","4.335,60","133,00","8.816,00","7,30","928,22","3.674,11","0,00","889,57","902,09","21,95","200,53"
2025-09-12,00:00,"3.299,99","80,09","68,44","38.895,00","37.215,00","13.806,55","3.609,78","4.278,60","133,00","8.841,00","7,00","925,24","3.536,01","0,00","909,63","919,85","25,60","222,74"
2025-09-13,00:00,"3.389,99","82,26","70,38","39.846,00","37.142,36","12.557,96","4.930,65","4.283,60","134,00","8.816,00","7,30","920,19","3.279,21","0,00","901,60","1.062,03","26,30","223,52"
2025-09-14,00:00,"3.257,20","79,04","67,39","37.475,00","35.737,84","7.982,67","8.409,09","4.218,60","134,00","8.809,00","7,30","914,89","3.100,31","0,00","910,00","1.006,01","23,38","222,59"
2025-09-15,00:00,"3.240,01","78,62","67,03","36.901,00","33.894,61","10.328,20","4.140,66","4.454,50","134,00","8.824,00","7,30","913,09","3.092,41","0,00","925,49","852,31","21,98","200,67"
2025-09-16,00:00,"3.398,38","82,47","70,31","38.197,00","36.726,50","11.272,22","5.711,06","4.563,60","276,00","9.446,00","7,30","909,62","2.648,01","0,00","914,40","738,47","22,16","217,66"
2025-09-17,00:00,"3.316,99","80,40","68,47","38.764,00","36.746,69","11.898,64","4.552,46","4.789,60","272,00","9.446,00","7,30","928,60","2.984,91","0,00","923,26","703,76","18,48","221,68"
2025-09-18,00:00,"3.316,99","80,45","68,16","39.001,00","35.893,62","9.564,78","7.573,03","4.156,60","272,00","9.446,00","7,30","942,63","2.115,71","0,00","918,38","663,96","25,40","207,83"
2025-09-19,00:00,"3.333,82","80,89","68,29","38.563,00","35.382,81","7.131,97","8.825,53","4.140,35","272,00","9.414,20","7,30","953,50","2.404,11","0,00","934,59","954,93","25,87","318,46"
2025-09-20,00:00,"3.299,98","80,02","67,66","37.737,00","34.673,98","6.327,84","8.188,16","4.412,60","272,00","9.353,50","3,50","961,78","2.242,21","0,00","916,98","1.652,36","19,47","323,58"
2025-09-21,00:00,"2.600,27","63,06","53,63","34.347,00","31.171,49","3.653,21","8.423,32","3.857,20","267,00","9.313,50","3,50","938,58","1.629,80","0,00","952,13","1.784,65","22,68","325,92"
2025-09-22,00:00,"3.100,01","75,18","63,93","34.725,00","31.093,35","5.376,49","6.373,51","3.819,20","272,00","9.168,20","3,50","936,08","2.254,30","0,00","976,37","1.762,67","20,65","130,38"
2025-09-23,00:00,"3.378,10","81,92","69,67","36.955,00","34.557,21","11.792,98","2.115,86","3.973,60","272,00","9.405,50","3,30","940,12","3.494,60","0,00","973,27","1.247,06","13,45","325,47"
2025-09-24,00:00,"3.309,80","80,14","68,13","36.650,00","34.522,92","13.289,49","784,01","4.371,35","272,00","8.793,51","3,30","954,27","3.477,50","0,00","976,43","1.280,97","16,22","303,87"
2025-09-25,00:00,"3.240,00","78,38","66,44","36.700,00","34.361,16","11.568,75","2.818,13","4.259,35","272,00","8.794,00","3,00","968,44","3.206,30","0,00","1.002,02","1.129,05","14,97","325,15"
2025-09-26,00:00,"3.099,99","74,93","63,66","37.441,00","34.407,47","5.832,27","9.356,24","3.992,35","136,00","8.533,50","3,30","965,54","3.037,58","0,00","1.011,80","1.193,89","17,94","327,06"
2025-09-27,00:00,"3.198,24","77,26","65,80","36.356,00","33.721,39","4.957,57","9.741,90","4.632,50","136,00","8.400,20","3,30","973,24","2.336,90","0,00","951,22","1.244,72","24,11","319,73"
2025-09-28,00:00,"3.280,01","79,19","67,84","34.084,00","32.043,76","5.919,49","6.271,10","4.475,60","136,00","9.282,20","7,30","969,74","2.465,20","0,00","960,61","1.216,58","21,96","317,98"
2025-09-29,00:00,"3.400,00","82,09","70,32","33.996,00","30.648,13","8.221,95","2.816,84","4.313,50","138,00","9.288,00","7,30","988,64","2.725,70","0,00","906,72","1.005,95","15,76","219,77"
2025-09-30,00:00,"3.200,01","77,26","66,18","36.190,00","33.122,71","9.913,37","2.768,46","4.613,35","272,00","9.158,00","7,30","1.001,07","3.236,20","0,00","901,92","1.032,82","11,68","206,54"
2025-10-01,00:00,"3.273,20","78,88","67,28","35.437,00","33.288,30","8.649,02","3.751,33","4.511,60","272,00","9.313,00","7,30","993,02","3.067,09","0,00","941,41","1.551,62","14,77","216,14"
2025-10-02,00:00,"2.979,99","71,80","61,13","35.570,00","32.578,69","5.669,75","6.252,17","4.445,60","272,00","9.244,50","7,30","1.001,42","3.046,39","0,00","948,82","1.457,90","14,82","218,02"
2025-10-03,00:00,"2.997,01","72,19","61,48","35.100,00","32.630,96","7.024,53","4.934,64","4.287,60","272,00","9.383,50","7,30","1.010,21","3.192,79","0,00","947,67","1.341,59","17,72","211,41"
2025-10-04,00:00,"2.990,01","72,00","61,27","35.106,00","32.317,46","5.926,78","5.624,61","4.527,60","134,00","9.231,50","5,00","1.028,30","3.377,68","0,00","926,44","1.314,70","16,40","204,45"
2025-10-05,00:00,"3.145,00","75,74","64,55","33.491,00","30.610,74","6.766,41","3.952,49","4.305,60","134,00","9.201,50","5,30","1.030,00","3.060,78","0,00","932,98","984,68","17,68","219,32"
2025-10-06,00:00,"3.100,01","74,66","63,63","32.153,00","29.222,56","6.901,41","2.963,88","3.916,50","134,00","8.917,00","5,30","1.043,40","3.306,83","0,00","889,58","917,18","22,33","205,15"
2025-10-07,00:00,"3.198,00","77,02","65,64","35.303,00","31.964,91","7.006,23","4.919,77","4.328,60","272,00","9.283,50","5,30","1.024,32","3.237,53","0,00","892,33","773,27","17,14","204,92"
2025-10-08,00:00,"2.995,01","71,96","61,65","34.849,00","31.762,71","7.338,34","4.409,27","4.423,60","272,00","9.345,00","5,30","1.028,05","3.005,03","0,00","929,44","777,68","10,65","218,35"
2025-10-09,00:00,"3.042,00","73,09","62,62","35.219,00","32.025,61","8.416,10","3.130,74","4.422,60","272,00","9.345,00","5,30","1.047,84","3.256,51","0,00","916,42","907,81","17,01","288,28"
2025-10-10,00:00,"3.219,47","77,33","66,53","34.550,00","31.645,57","9.607,32","2.067,43","3.930,50","272,00","9.345,00","11,30","1.044,97","3.257,31","0,00","938,34","867,11","12,00","292,29"
2025-10-11,00:00,"3.097,01","74,37","64,03","34.986,00","31.741,28","9.284,43","2.092,28","4.097,50","240,00","9.318,20","12,00","1.068,55","3.519,81","0,00","944,77","881,89","14,25","267,60"
2025-10-12,00:00,"3.098,00","74,40","64,29","31.613,00","29.695,12","4.824,15","5.572,28","4.255,25","244,00","8.493,00","9,00","1.061,05","3.177,11","0,00","955,49","889,55","19,70","194,54"
2025-10-13,00:00,"3.100,01","74,45","64,33","32.572,00","28.910,31","4.499,53","4.478,10","4.282,50","272,00","9.191,00","9,00","1.056,35","3.100,11","0,00","900,68","912,24","26,96","181,84"
2025-10-14,00:00,"3.180,00","76,37","65,99","34.733,00","31.089,12","10.109,95","1.702,54","4.308,60","244,00","9.249,50","6,00","1.055,35","2.314,48","0,00","930,16","932,44","18,97","217,13"
2025-10-15,00:00,"3.180,01","76,22","65,76","34.057,00","31.601,59","10.939,07","1.509,93","4.390,50","244,00","9.272,50","6,00","1.056,04","2.294,28","0,00","934,75","700,71","14,21","239,60"
2025-10-16,00:00,"3.052,27","73,11","63,26","33.853,00","31.778,36","9.119,35","3.894,36","4.199,60","244,00","9.145,50","6,00","1.073,17","2.270,59","0,00","960,40","617,76","16,17","231,46"
2025-10-17,00:00,"2.995,00","71,72","61,66","33.958,00","32.177,82","9.887,22","3.804,48","4.284,60","249,00","8.751,50","6,00","1.065,86","2.248,24","0,00","945,40","697,69","21,33","216,50"
2025-10-18,00:00,"3.198,11","76,56","65,69","34.798,00","31.625,71","11.942,29","928,70","4.244,60","122,00","8.751,50","5,00","1.055,95","2.680,44","0,00","968,51","680,75","16,39","229,58"
2025-10-19,00:00,"3.200,00","76,58","65,46","32.972,00","30.598,02","11.146,82","1.136,83","3.916,60","122,00","8.745,70","5,00","1.050,05","2.655,64","0,00","992,44","578,23","17,09","231,62"
2025-10-20,00:00,"3.230,00","77,30","66,07","32.038,00","29.083,34","8.757,65","2.601,76","3.856,50","122,00","8.695,70","5,00","1.052,15","2.281,84","0,00","982,97","480,17","18,25","229,35"
2025-10-21,00:00,"3.168,70","75,83","64,82","34.660,00","32.449,47","12.857,06","907,81","3.811,60","124,00","9.228,50","5,00","1.041,62","2.462,74","0,00","973,87","792,30","14,76","230,21"
2025-10-22,00:00,"3.300,01","78,80","67,59","34.625,00","32.662,72","12.498,91","1.680,67","3.911,60","240,00","9.315,99","5,00","1.039,49","2.000,44","0,00","975,80","742,07","12,35","240,40"
2025-10-23,00:00,"3.150,00","75,20","64,71","34.809,00","32.352,44","10.077,37","3.756,90","3.996,55","249,00","9.260,00","5,00","1.033,34","2.021,44","0,00","999,19","705,96","13,80","233,89"
2025-10-24,00:00,"3.058,00","72,99","62,95","34.358,00","32.304,96","6.719,21","6.902,47","4.128,60","249,00","9.225,00","3,00","1.004,94","2.184,64","0,00","996,85","639,46","18,13","233,66"
2025-10-25,00:00,"2.999,01","71,57","61,73","34.661,00","31.571,79","6.991,91","6.315,13","4.078,40","125,00","9.182,00","3,00","1.007,44","2.003,74","0,00","1.018,25","600,24","13,80","232,88"
2025-10-26,00:00,"3.350,00","80,06","68,94","32.942,00","30.725,76","10.326,38","1.742,26","4.200,15","125,00","9.258,00","5,00","1.012,14","2.226,74","0,00","1.011,38","570,75","10,49","237,47"
2025-10-27,00:00,"1.899,99","45,41","39,10","32.052,00","29.350,74","2.672,99","8.400,52","4.115,25","120,00","8.811,00","0,00","1.009,04","2.140,54","0,00","1.017,10","762,17","16,93","285,20"
2025-10-28,00:00,"3.145,01","75,16","64,72","32.890,00","30.512,45","6.054,42","5.345,99","4.187,35","125,00","9.173,00","5,00","1.018,15","2.613,69","0,00","1.000,10","654,75","10,77","324,23"
2025-10-29,00:00,"3.100,00","74,04","63,64","31.681,00","29.319,73","6.116,28","4.128,68","4.145,35","120,00","9.186,00","5,00","1.024,78","2.435,79","0,00","1.001,20","864,75","12,52","279,38"
2025-10-30,00:00,"3.250,00","77,62","66,72","34.817,00","29.642,89","7.819,98","1.908,53","4.181,25","243,00","9.283,50","5,00","1.034,88","2.246,74","0,00","999,15","1.580,53","10,61","329,72"
2025-10-31,00:00,"3.378,01","80,68","69,35","34.644,00","32.312,38","10.901,16","1.794,21","3.668,35","243,00","9.264,70","3,00","1.072,75","2.884,03","0,00","995,16","1.157,70","12,20","316,12"
2025-11-01,00:00,"3.275,01","78,16","67,31","32.898,00","32.204,68","11.746,72","357,86","3.758,35","246,00","9.203,70","0,00","1.084,50","3.407,46","0,00","990,46","1.072,87","17,58","319,18"
2025-11-02,00:00,"3.150,01","75,19","65,00","33.098,00","30.902,80","8.621,51","1.961,78","3.847,35","246,00","9.237,70","0,00","1.070,10","3.679,46","0,00","1.004,26","886,83","16,03","331,78"
2025-11-03,00:00,"3.135,56","74,85","64,70","31.288,00","30.028,44","8.599,32","1.255,23","3.986,00","245,00","9.280,53","0,00","1.046,80","3.607,86","0,00","1.008,00","673,46","9,60","316,64"
2025-11-04,00:00,"3.330,00","79,49","68,71","33.748,00","32.533,86","11.732,58","1.195,40","3.604,95","245,00","9.265,70","0,00","1.053,51","3.360,13","0,00","1.002,11","737,21","12,03","325,24"
2025-11-05,00:00,"3.300,00","78,62","68,23","34.164,00","32.028,25","9.401,97","3.266,35","3.515,10","233,00","9.325,10","0,00","1.052,15","3.209,18","0,00","1.012,14","673,59","11,53","328,14"
2025-11-06,00:00,"2.950,00","70,23","61,02","34.540,00","32.509,85","7.260,93","5.953,58","3.686,10","133,00","9.344,50","0,00","1.053,47","3.111,68","0,00","951,52","669,93","17,66","327,48"
2025-11-07,00:00,"3.000,01","71,37","62,13","34.572,00","32.800,93","8.649,05","4.589,77","3.981,10","133,00","9.421,50","0,00","1.082,70","3.068,23","0,00","953,29","599,66","15,42","307,21"
2025-11-08,00:00,"3.210,00","76,35","66,31","34.591,00","32.282,91","10.893,61","1.671,62","3.904,10","123,00","9.318,70","0,00","1.081,68","3.340,63","0,00","1.000,44","652,63","13,23","283,27"
2025-11-09,00:00,"2.947,77","70,10","60,74","32.953,00","30.972,28","7.957,48","3.067,47","4.056,50","245,00","9.263,50","0,00","1.074,68","3.421,13","0,00","987,76","654,27","11,94","232,55"
2025-11-10,00:00,"2.994,01","71,20","61,70","32.663,00","29.308,66","8.093,86","1.705,94","3.914,30","245,00","9.314,50","0,00","1.078,28","3.244,13","0,00","975,59","593,10","11,56","132,40"
2025-11-11,00:00,"3.000,00","71,35","61,82","35.048,00","32.353,19","6.876,79","5.099,00","4.469,00","245,00","9.411,50","0,00","1.081,68","3.394,73","0,00","977,19","571,46","9,40","217,44"
2025-11-12,00:00,"3.104,99","73,73","63,75","34.592,00","32.526,84","9.404,97","2.932,88","4.503,00","245,00","9.276,50","0,00","1.098,43","3.172,63","0,00","973,14","667,74","12,67","239,88"
2025-11-13,00:00,"3.200,00","75,91","65,65","34.805,00","32.824,28","10.376,69","2.240,46","4.560,50","245,00","9.316,50","0,00","1.106,82","3.060,88","0,00","979,39","702,01","13,03","223,00"
2025-11-14,00:00,"3.200,01","75,90","65,56","35.213,00","33.533,37","10.391,83","3.073,08","4.353,50","245,00","9.334,50","0,00","1.111,46","3.073,28","0,00","1.006,93","722,80","12,87","208,12"
2025-11-15,00:00,"3.193,64","75,73","65,22","35.053,00","33.203,72","8.613,68","4.083,05","4.300,60","245,00","9.322,50","0,50","1.106,30","3.193,73","0,00","984,56","1.117,57","13,49","222,74"
2025-11-16,00:00,"3.079,00","73,02","62,81","33.530,00","31.663,86","9.111,37","1.590,63","4.188,10","122,00","9.364,50","0,50","1.133,88","3.626,56","0,00","1.021,19","1.269,83","12,59","222,71"
2025-11-17,00:00,"2.855,23","67,71","58,24","33.079,00","31.094,95","5.494,75","4.137,57","4.096,50","122,00","9.303,50","0,50","1.135,28","4.220,06","0,00","1.049,61","1.293,95","18,52","222,71"
2025-11-18,00:00,"1.719,99","40,79","35,09","35.383,00","34.172,81","4.396,86","8.993,79","4.052,10","245,00","8.495,40","0,50","1.114,74","4.542,16","0,00","1.019,83","1.070,06","18,78","223,59"
2025-11-19,00:00,"2.850,01","67,45","58,13","35.315,00","33.804,44","4.807,64","7.253,19","4.377,50","245,00","9.104,50","0,50","1.096,52","4.609,06","0,00","1.018,25","991,91","13,02","287,35"
2025-11-20,00:00,"2.517,01","59,55","51,39","35.376,00","33.837,13","5.362,65","6.987,67","4.284,10","245,00","9.304,50","0,50","1.066,25","4.310,96","0,00","1.053,97","907,22","10,19","304,12"
2025-11-21,00:00,"2.616,00","61,88","53,44","35.259,00","33.892,56","5.200,85","7.395,44","4.226,10","245,00","9.105,50","0,50","1.058,08","4.394,41","0,00","1.049,09","890,25","12,25","315,09"
2025-11-22,00:00,"3.194,99","75,55","65,57","35.746,00","33.646,76","4.977,41","7.447,16","4.284,50","245,00","9.126,50","0,50","1.072,00","4.154,21","0,00","1.050,56","957,65","11,11","320,16"
2025-11-23,00:00,"3.048,99","72,11","62,55","33.957,00","31.341,65","3.711,76","7.497,59","4.083,60","245,00","9.169,50","0,50","1.070,00","3.305,31","0,00","1.031,88","992,85","11,41","222,25"
2025-11-24,00:00,"2.500,99","59,15","51,31","32.736,00","30.319,17","4.275,45","5.317,39","4.097,50","213,00","9.205,50","0,00","1.064,20","4.165,81","0,00","1.008,54","754,04","10,79","206,95"
2025-11-25,00:00,"3.145,01","74,38","64,52","35.342,00","33.766,82","11.756,00","1.682,75","3.748,60","245,00","9.404,50","0,50","1.098,02","3.970,91","0,00","1.023,08","613,88","16,29","207,29"
2025-11-26,00:00,"2.899,99","68,45","59,37","35.277,00","33.820,05","7.017,88","6.270,66","3.715,50","245,00","9.376,50","0,50","1.112,92","4.160,71","0,60","1.038,94","665,21","9,88","205,75"
2025-11-27,00:00,"3.090,00","72,93","63,27","36.148,00","33.672,60","5.512,68","7.339,47","3.953,60","245,00","9.306,50","0,50","1.091,30","4.317,86","0,00","1.026,62","645,21","11,88","221,98"
2025-11-28,00:00,"2.516,99","59,42","51,33","36.364,00","33.672,43","7.496,73","5.362,12","4.212,60","245,00","9.451,00","0,50","1.089,29","3.985,46","0,00","1.031,95","563,51","12,52","221,75"
2025-11-29,00:00,"3.088,00","72,89","62,91","35.965,00","33.902,86","8.068,63","5.280,77","4.205,60","141,00","9.375,50","0,50","1.076,62","3.818,56","0,00","1.028,05","588,73","10,56","308,34"
2025-11-30,00:00,"2.880,00","68,00","58,76","34.191,00","32.727,15","7.677,30","4.996,07","4.135,50","123,00","9.266,50","0,00","1.108,92","3.605,26","0,00","1.033,90","643,35","13,45","123,90"
